id,title,movie,year,singers,lyricist,composer,mood,themes,lyrics,source_url
1,Roja Kadale,Anegan,2015.0,Sunidhi Chauhan and Chinmayi,Vairamuthu,Harris Jayaraj,Romantic,Love;Devotion,Roja Kadalae En rajaa magalae,https://www.tamil2lyrics.com/lyrics/roja-kadalae-song-lyrics/
2,Venmegam Pennaga,Yaaradi Nee Mohini,2008.0,Hariharan,Na.Muthukumar,Yuvan Shankar Raja,Romantic,Love;Fantasy,Venmegam pennaga uruvaanatho...Manjal veyil nee minnal oli nee,https://www.tamil2lyrics.com/lyrics/venmegam-pennaga-song-lyrics/
3,Marana Mass,Petta,2018.0,S. P. Balasubrahmanyam and Anirudh Ravichander,Vivek,Anirudh Ravichander,Energetic,Mass,Thatlaatam dhaanga Tharlaanga song ah... Evandaa mela Evandaa keezha,https://www.tamil2lyrics.com/lyrics/marana-mass-song-lyrics/
4,Vennilave,Thuppakki,2012.0,Bombay Jayashree and Hariharan,Na. Muthukumar,Harris Jayaraj,Romantic,Love;Moonlight,Vennilavae tharayil uthithaai Oru siripil idhayam parithaai,
5,Vizhi Moodi Yosithal,Ayan,2009.0,Karthik,Na.Muthukumar,Harris Jayaraj,Romantic,eyes,"Vizhi moodi yosithaal
Angeyum vanthaai...
Aasai ennum
Thoondil mul thaan
Mazhai kiliyae",https://www.tamil2lyrics.com/lyrics/vizhi-moodi-yosithal-song-lyrics/
6,Munbe Vaa,Sillunu Oru Kaadhal,2006.0,Naresh Iyer; Shreya Ghoshal,Vaali,A. R. Rahman,Romantic,Love;Longing;Breeze, காதல் longing breeze eyes heart memory,
7,New York Nagaram,Sillunu Oru Kaadhal,2006.0,A. R. Rahman,Vaali,A. R. Rahman,Sad,Separation;Loneliness;City, loneliness separation city night missing someone தனிமை பிரிவு,
8,Enna Solla Pogirai,Kandukondain Kandukondain,2000.0,Shankar Mahadevan,Vairamuthu,A. R. Rahman,Romantic,Love;Proposal;Confession, love confession heart question காதல் சொல்லுதல்,
9,Snehithane,Alaipayuthey,2000.0,Sadhana Sargam; Srinivas,Vairamuthu,A. R. Rahman,Romantic,Love;Marriage;Intimacy, romantic affection togetherness காதல் அன்பு,
10,Pachai Nirame,Alaipayuthey,2000.0,Hariharan; Clinton Cerejo,Vairamuthu,A. R. Rahman,Romantic,Love;Colors;Nature, colors nature love green rain sky காதல் இயற்கை,
11,Vaseegara,Minnale,2001.0,Bombay Jayashri,Thamarai,Harris Jayaraj,Romantic,Love;Desire;Dream, romantic dream desire heart காதல் கனவு,
12,Ondra Renda,Kaakha Kaakha,2003.0,Bombay Jayashri,Thamarai,Harris Jayaraj,Romantic,Love;Praise;Beauty, beauty love admiration eyes பார்வை காதல்,
13,Anbil Avan,Vinnaithaandi Varuvaayaa,2010.0,Devan Ekambaram; Chinmayi,Thamarai,A. R. Rahman,Romantic,Love;Wedding;Devotion, love devotion marriage together காதல் உறவு,
14,Hosanna,Vinnaithaandi Varuvaayaa,2010.0,Vijay Prakash; Suzanne D'Mello; Blaaze,Thamarai,A. R. Rahman,Romantic,Love;First Love;Longing, first love longing prayer காதல் ஏக்கம்,
15,Mannipaaya,Vinnaithaandi Varuvaayaa,2010.0,A. R. Rahman; Shreya Ghoshal,Thamarai,A. R. Rahman,Sad,Love;Regret;Forgiveness, regret forgiveness love pain மன்னிப்பு வலி,
16,Nenjukkul Peidhidum,Vaaranam Aayiram,2008.0,Hariharan; Devan Ekambaram; V. V. Prassanna,Thamarai,Harris Jayaraj,Romantic,Love;Rain;Heart, rain heart love mazhai காதல் மழை,
17,Ava Enna,Vaaranam Aayiram,2008.0,Karthik; V. V. Prassanna,Thamarai,Harris Jayaraj,Sad,Breakup;Longing;Memory, breakup memory missing love pirivu பிரிவு,
18,Annul Maelae,Vaaranam Aayiram,2008.0,Sudha Raghunathan,Thamarai,Harris Jayaraj,Melancholy,Love;Yearning;Classical, yearning love classical longing ஏக்கம் காதல்,
19,Anbe Anbe,Jeans,1998.0,Hariharan; Anuradha Sriram,Vairamuthu,A. R. Rahman,Romantic,Love;Beauty;Admiration, love beauty admiration heart காதல் அழகு,
20,Poovukkul,Jeans,1998.0,Unnikrishnan; Sujatha Mohan,Vairamuthu,A. R. Rahman,Romantic,Love;Wonder;World, wonder world love flower பூ காதல்,
21,Kadhal Rojave,Roja,1992.0,S. P. Balasubrahmanyam; Sujatha Mohan,Vairamuthu,A. R. Rahman,Sad,Love;Separation;Longing, separation longing rose love பிரிவு ரோஜா,
22,Chinna Chinna Aasai,Roja,1992.0,Minmini,Vairamuthu,A. R. Rahman,Happy,Dreams;Hope;Nature, dreams hope nature happiness ஆசை கனவு,
23,Uyire Uyire,Bombay,1995.0,Hariharan; K. S. Chithra,Vairamuthu,A. R. Rahman,Romantic,Love;Pain;Soul, soul love pain longing உயிர் காதல்,
24,Kannalane,Bombay,1995.0,K. S. Chithra,Vairamuthu,A. R. Rahman,Romantic,Eyes;Love;Longing, eyes love gaze kan vizhi கண் விழி,
25,Ennavale Adi Ennavale,Kadhalan,1994.0,Unnikrishnan,Vairamuthu,A. R. Rahman,Romantic,Love;Devotion;Beauty, devotion love beauty காதல் பக்தி,
26,Mukkala Mukkabala,Kadhalan,1994.0,Mano; Swarnalatha,Vaali,A. R. Rahman,Energetic,Dance;Fun;Youth, dance energy fun youth கொண்டாட்டம்,
27,Why This Kolaveri Di,3,2011.0,Dhanush,Dhanush,Anirudh Ravichander,Sad,Breakup;Humor;Tanglish, soup song breakup humor tanglish love failure,
28,Kanave Kanave,David,2013.0,Anirudh Ravichander,Mohan Rajan,Anirudh Ravichander,Sad,Dream;Loss;Pain, dream loss pain sad kanavu கனவு வலி,
29,Po Nee Po,3,2011.0,Mohit Chauhan; Anirudh Ravichander,Dhanush,Anirudh Ravichander,Sad,Breakup;Separation;Pain, go away separation pain love failure பிரிவு,
30,Idhazhin Oram,3,2011.0,Ajesh Ashok; Anirudh Ravichander,Dhanush,Anirudh Ravichander,Romantic,Love;Smile;Youth, smile love youth romance காதல் சிரிப்பு,
31,Rowdy Baby,Maari 2,2018.0,Dhanush; Dhee,Poetu Dhanush,Yuvan Shankar Raja,Energetic,Dance;Fun;Mass, dance fun energy playful kuthu,
32,Aaluma Doluma,Vedalam,2015.0,Anirudh Ravichander; Badshah,Rokesh,Anirudh Ravichander,Energetic,Mass;Dance;Celebration, mass dance celebration energy kuthu,
33,Vaathi Coming,Master,2021.0,Anirudh Ravichander; Gana Balachandar,Gana Balachandar,Anirudh Ravichander,Energetic,Dance;Mass;College, mass college dance energetic celebration,
34,Arabic Kuthu,Beast,2022.0,Anirudh Ravichander; Jonita Gandhi,Sivakarthikeyan,Anirudh Ravichander,Energetic,Dance;Fun;Love, dance fun love energetic kuthu,
35,Ranjithame,Varisu,2023.0,Vijay; M. M. Manasi,Vivek,Thaman S,Energetic,Dance;Celebration;Romance, dance celebration romance festive,
36,Naa Ready,Leo,2023.0,Vijay; Anirudh Ravichander,Vishnu Edavan,Anirudh Ravichander,Energetic,Mass;Celebration;Power, mass power celebration energy,
37,Anbil Avan reprise demo,Demo Album,2024.0,Demo Singer,Demo Lyricist,Demo Composer,Romantic,Love;Hope;Eyes, synthetic love hope eyes கண் பார்வை,
38,Thalli Pogathey,Achcham Yenbadhu Madamaiyada,2016.0,Sid Sriram; Aparna Narayanan,Thamarai,A. R. Rahman,Romantic,Love;Longing;Distance, distance longing love missing காதல் ஏக்கம்,
39,Maruvaarthai,Enai Noki Paayum Thota,2019.0,Sid Sriram,Thamarai,Darbuka Siva,Romantic,Love;Memory;Longing, memory love longing heart நினைவு காதல்,
40,Kannana Kanne,Viswasam,2019.0,Sid Sriram,Thamarai,D. Imman,Emotional,Father;Child;Love, family child affection tears love அன்பு,
41,Kurumugil,Sita Ramam Tamil,2022.0,Sai Vignesh,Madhan Karky,Vishal Chandrasekhar,Romantic,Love;Cloud;Longing, cloud longing love kurugumil mazhai காதல்,
42,Megham Karukatha,Thiruchitrambalam,2022.0,Dhanush,Dhanush,Anirudh Ravichander,Romantic,Rain;Love;Friendship, clouds rain love friendship மழை காதல்,
43,Thenmozhi,Thiruchitrambalam,2022.0,Santhosh Narayanan,Dhanush,Anirudh Ravichander,Romantic,Love;Softness;Memory, soft love memory affection காதல் நினைவு,
44,Kadhale Kadhale,96,2018.0,Chinmayi; Govind Vasantha,Karthik Netha,Govind Vasantha,Melancholy,Love;Memory;Nostalgia, nostalgia school love memory காதல் நினைவு,
45,The Life of Ram,96,2018.0,Pradeep Kumar,Karthik Netha,Govind Vasantha,Melancholy,Travel;Memory;Solitude, travel solitude memory life தனிமை நினைவு,
46,Kaathalae Kaathalae,96,2018.0,Chinmayi; Govind Vasantha,Karthik Netha,Govind Vasantha,Romantic,Love;Nostalgia;Yearning, yearning nostalgia love காதல் ஏக்கம்,
47,Oru Deivam Thantha Poove,Kannathil Muthamittal,2002.0,P. Jayachandran; Chinmayi,Vairamuthu,A. R. Rahman,Emotional,Mother;Child;Love, mother child love affection அம்மா அன்பு,
48,Vellai Pookal,Kannathil Muthamittal,2002.0,A. R. Rahman,Vairamuthu,A. R. Rahman,Peaceful,Peace;Hope;World, peace hope world flowers அமைதி நம்பிக்கை,
49,Munbe Vaa reprise demo,Demo Collection,2024.0,Demo Singer,Demo Lyricist,Demo Composer,Romantic,Eyes;Love;Rain, synthetic eyes rain love கண் மழை காதல்,
50,Mazhai Varum,Veppam,2011.0,Suzanne D'Mello,Na. Muthukumar,Joshua Sridhar,Romantic,Rain;Love;Longing, rain coming love longing mazhai மழை காதல்,
51,Kangal Irandal,Subramaniapuram,2008.0,Bellie Raj; Deepa Mariam,Thamarai,James Vasanthan,Romantic,Eyes;Love;Village, eyes gaze village love kangal கண்கள் காதல்,
52,Oru Kal Oru Kannadi,Siva Manasula Sakthi,2009.0,Yuvan Shankar Raja,Na. Muthukumar,Yuvan Shankar Raja,Romantic,Eyes;Love;Pain, eyes mirror love pain kannadi கண் காதல்,
53,Ennodu Nee Irundhaal,I,2015.0,Sid Sriram; Sunitha Sarathy,Kabilan,A. R. Rahman,Romantic,Love;Togetherness;Devotion, together love devotion heart காதல் அன்பு,
54,Pookkalae Sattru Oyivedungal,I,2015.0,Haricharan; Shreya Ghoshal,Madhan Karky,A. R. Rahman,Romantic,Love;Flowers;Nature, flowers love nature beauty பூ காதல்,
55,Aathangara Marame,Kizhakku Cheemayile,1993.0,Mano; Sujatha Mohan,Vairamuthu,A. R. Rahman,Folk,Village;Nature;Love, village river tree love nature கிராமம் காதல்,
56,Nila Kaigirathu,Indira,1995.0,Harini,Vairamuthu,A. R. Rahman,Melancholy,Moon;Loneliness;Childhood, moon loneliness night nila நிலா தனிமை,
57,Malargale Malargale,Love Birds,1996.0,Hariharan; K. S. Chithra,Vairamuthu,A. R. Rahman,Romantic,Flowers;Love;Nature, flowers love nature soft பூ காதல் இயற்கை,
58,Telephone Manipol,Indian,1996.0,Hariharan; Harini,Vaali,A. R. Rahman,Playful,Love;Technology;Fun, playful love phone fun காதல் விளையாட்டு,
59,Suttum Vizhi,Ghajini,2005.0,Sriram Parthasarathy; Bombay Jayashri,Na. Muthukumar,Harris Jayaraj,Romantic,Eyes;Love;Beauty, eyes beauty love vizhi விழி கண் காதல்,
60,Oru Maalai,Ghajini,2005.0,Karthik,Thamarai,Harris Jayaraj,Romantic,Evening;Love;Memory, evening love memory maalai காதல் நினைவு,
61,Ponni Nadhi,,,,,,,,"Press Enter to search · Esc to close
Ponni Nadhi Song
Lyrics is the first single from “
Ponniyin Selvan
” tamil film, a multi-starrer film. This song is sung by “A.R.Rahman, AR Raihanah, Bamba Bakya” and music composed by Isai Puyal Oscar Nayagan “
A.R.Rahman
“. Lyrics works are penned by lyricist “Ilango Krishnan”.
Singers :
A. R. Rahman, A. R. Reihana and Bamba Bakya
Music by :
A. R. Rahman
Lyrics by
:
Ilango Krishnan
Ohh.. Kavariyaal neermadikku
Ambaramaai anaiyeduthaan
Neer satham ketadhumae
Nel poothu nikkum
Uli saththam ketadhumae
Kal poothu nikkum
Pagai satham ketadhumae
Vil poothu nikkum
Chozhathin perumaikoora
Sol poothu nikkum
Ponni nadhi paakanumae
Chorus :
Theeyari esamaari
Male :
Pozhudhukkulla
Chorus :
Theeyari esamaari
Kanni pengal kaananumae
Chorus :
Theeyari Esamaari
Male :
Kaatraippola
Chorus :
Theeyari Esamaari
Male :
Pottal Kadandhu
Chorus :
Theeyari Esamari
Male :
Puzhudhi Kadandhu
Chorus :
Theeyari Esamari
Male :
Tharisu Kadandhu
Chorus :
Theeyari Esamari
Male :
Karisal Kadandhu
Chorus :
Veeram Velanja Mannu
Andho naan ivvazhaginilae..
Chorus :
Haiye semba semba
Male :
Kaalam marandhadhenna..
Chorus :
Haiye
Male :
Hoo oo oo oo
Manne un maarbil kidakka
Chorus :
Pachai naranja mannu
Achho oor aasai mulaika
Chorus :
Manju thoorum mannu
Male :
En kaalam kaniyadho
Chorus :
Kokku pootha mannu
En kaalgal thaniyadho
Chorus :
Vella manasu mannu
Male :
Sembanee
Chorus :
Veeram velanja mannu
Thathatthada thathatthada thathatthada
Thadavane sel..
Chorus :
Veeram velanja mannu
Ponni Magal
Chorus :
Theeyari Esamaari
Laali lallaa laali lalla laali lalla
Paadi sellum
All :
Veera chozhapuri
Paarthu viraivaai nee
Thaavu azhaga
Thaavum nadhiyaai
Saga.. kanavai.. mudida..
Ponni nadhi paakanumae
Chorus :
Theeyari esamaari
Male :
Pozhudhukkulla
Chorus :
Veeram velanja mannu
Male :
Kanni pengal kaananumae
Chorus :
Theeyari Esamaari
Male :
Kaatrai Pola
Chorus :
Veeram velanja mannu
Male :
Sekka sagappi
Chorus :
Theeyari Esamaari
Male :
Nenjil irudi
Chorus :
Veeram velanja mannu
Male :
Retta suzhachi
Chorus :
Theeyari Esamaari
Male :
Otti irudi
Chorus :
Veeram velanja mannu
Sozha silaithaan ivalo
Chorus :
Semba
Male :
Sola karuthaai sirichaa
Chorus :
Semba
Male :
Eezha minnal unnala
Chorus :
Semba
Male :
Naanum rasichida aagatha
Chorus :
Amba
Male :
Koodathae
Chorus :
Amba
Hoo oo oo
Kadalukkedhu oivu
Chorus :
Semba
Male :
Kadamai irukudhu ezhundhuru
Chorus :
Semba
Male :
Seeripaindhudu ambaaga
Chorus :
Semba
Male :
Kaala thangam ponaalae
Chorus :
Semba
Male :
Thambiyae ennaalum varumoda
Nanjaigalae punjaigalae
Rambaigalai vinji nirkkum vanjigalae
Nanjaigalae punjaigalae
Rambaigalai vinji nirkkum vanjigalae
Ponni nadhi paakanumae
Chorus :
Theeyari esamaari
Male :
Pozhudhukkulla
Chorus :
Theeyari esamaari
Male :
Kanni pengal kaananumae
Chorus :
Veeram velanja mannu
Male :
Kaatrai Pola
Chorus :
Theeyari Esamaari
Male :
Sekka sagappi
Chorus :
Veeram velanja mannu
Male :
Nenjil irudi
Chorus :
Theeyari Esamaari
Male :
Retta suzhachi
Chorus :
Veeram velanja mannu
Male :
Otti irudi
Chorus :
Theeyari Esamaari
Andho naan-ivvazhaginilae
Chorus :
Veeram velanja mannu
Male :
Ho oh oh..
Chorus :
Ha..aa..aa
Male :
Ho oh oh..
Chorus :
Ha..aa..aa
Male :
Ho oh oh..
Chorus :
Ha..aa..aa
Your email address will not be published. Required fields are marked
*
Ponni Nadhi Song
Lyrics is the first single from “
Ponniyin Selvan
” tamil film, a multi-starrer film. This song is sung by “A.R.Rahman, AR Raihanah, Bamba Bakya” and music composed by Isai Puyal Oscar Nayagan “
A.R.Rahman
“. Lyrics works are penned by lyricist “Ilango Krishnan”.
Singers :
A. R. Rahman, A. R. Reihana and Bamba Bakya
Music by :
A. R. Rahman
Lyrics by
:
Ilango Krishnan
Ohh.. Kavariyaal neermadikku
Ambaramaai anaiyeduthaan
Neer satham ketadhumae
Nel poothu nikkum
Uli saththam ketadhumae
Kal poothu nikkum
Pagai satham ketadhumae
Vil poothu nikkum
Chozhathin perumaikoora
Sol poothu nikkum
Ponni nadhi paakanumae
Chorus :
Theeyari esamaari
Male :
Pozhudhukkulla
Chorus :
Theeyari esamaari
Kanni pengal kaananumae
Chorus :
Theeyari Esamaari
Male :
Kaatraippola
Chorus :
Theeyari Esamaari
Male :
Pottal Kadandhu
Chorus :
Theeyari Esamari
Male :
Puzhudhi Kadandhu
Chorus :
Theeyari Esamari
Male :
Tharisu Kadandhu
Chorus :
Theeyari Esamari
Male :
Karisal Kadandhu
Chorus :
Veeram Velanja Mannu
Andho naan ivvazhaginilae..
Chorus :
Haiye semba semba
Male :
Kaalam marandhadhenna..
Chorus :
Haiye
Male :
Hoo oo oo oo
Manne un maarbil kidakka
Chorus :
Pachai naranja mannu
Achho oor aasai mulaika
Chorus :
Manju thoorum mannu
Male :
En kaalam kaniyadho
Chorus :
Kokku pootha mannu
En kaalgal thaniyadho
Chorus :
Vella manasu mannu
Male :
Sembanee
Chorus :
Veeram velanja mannu
Thathatthada thathatthada thathatthada
Thadavane sel..
Chorus :
Veeram velanja mannu
Ponni Magal
Chorus :
Theeyari Esamaari
Laali lallaa laali lalla laali lalla
Paadi sellum
All :
Veera chozhapuri
Paarthu viraivaai nee
Thaavu azhaga
Thaavum nadhiyaai
Saga.. kanavai.. mudida..
Ponni nadhi paakanumae
Chorus :
Theeyari esamaari
Male :
Pozhudhukkulla
Chorus :
Veeram velanja mannu
Male :
Kanni pengal kaananumae
Chorus :
Theeyari Esamaari
Male :
Kaatrai Pola
Chorus :
Veeram velanja mannu
Male :
Sekka sagappi
Chorus :
Theeyari Esamaari
Male :
Nenjil irudi
Chorus :
Veeram velanja mannu
Male :
Retta suzhachi
Chorus :
Theeyari Esamaari
Male :
Otti irudi
Chorus :
Veeram velanja mannu
Sozha silaithaan ivalo
Chorus :
Semba
Male :
Sola karuthaai sirichaa
Chorus :
Semba
Male :
Eezha minnal unnala
Chorus :
Semba
Male :
Naanum rasichida aagatha
Chorus :
Amba
Male :
Koodathae
Chorus :
Amba
Hoo oo oo
Kadalukkedhu oivu
Chorus :
Semba
Male :
Kadamai irukudhu ezhundhuru
Chorus :
Semba
Male :
Seeripaindhudu ambaaga
Chorus :
Semba
Male :
Kaala thangam ponaalae
Chorus :
Semba
Male :
Thambiyae ennaalum varumoda
Nanjaigalae punjaigalae
Rambaigalai vinji nirkkum vanjigalae
Nanjaigalae punjaigalae
Rambaigalai vinji nirkkum vanjigalae
Ponni nadhi paakanumae
Chorus :
Theeyari esamaari
Male :
Pozhudhukkulla
Chorus :
Theeyari esamaari
Male :
Kanni pengal kaananumae
Chorus :
Veeram velanja mannu
Male :
Kaatrai Pola
Chorus :
Theeyari Esamaari
Male :
Sekka sagappi
Chorus :
Veeram velanja mannu
Male :
Nenjil irudi
Chorus :
Theeyari Esamaari
Male :
Retta suzhachi
Chorus :
Veeram velanja mannu
Male :
Otti irudi
Chorus :
Theeyari Esamaari
Andho naan-ivvazhaginilae
Chorus :
Veeram velanja mannu
Male :
Ho oh oh..
Chorus :
Ha..aa..aa
Male :
Ho oh oh..
Chorus :
Ha..aa..aa
Male :
Ho oh oh..
Chorus :
Ha..aa..aa
The home of Tamil Paadal Varigal. 20,000+ lyrics in Tamil & English script.",https://www.tamil2lyrics.com/lyrics/ponni-nadhi-song-lyrics-ponniyin-selvan/
62,Ratchasa Maamaney,,,,,,,,"Press Enter to search · Esc to close
Singers
:
Shreya Ghoshal, Palakkad Sriram and Mahesh Vinayakram
Music by :
A. R. Rahman
Muthathula sithathula
Thiththida vandhen
Un nethikkulla
Budhi vaikka vandhen
Muthathula sithathula
Thiththida vandhen
Un nethikkulla
Budhi vaikka vandhen
Ratchasa maamanae
Rathiriyin sooriyanae
Kovaipalam polae
Nee kobam kolladhae
Un aaram budhi
Thera budhithaan
Hooo hoo
Ratchasa maamanae
Rathiriyin sooriyanae
Kovaipalam polae
Nee kobam kolladhae
Un aaram budhi
Thera budhithaan
Oh veeran veeran veeran veeran
Enga maman veeran
Aalamaram vera pola
Azham aana dheeran
Aattam kaana vaikka poraan
Aattukutti theeran
Naatu thalaivan motcham kolgiraan
Hoo oo hoo
Meesavacha miruga miruganae
Muthathula sithathula
Thiththida vandhen
Un nethikkulla
Budhi vaikka vandhen
Thomsa vidham thomsa vidham
Imsai mozhi
Amsamena amsamena
Vamsavazhi
Vantharasan vantharasan
Kamsamugan naan
Nakkeranin nakkeranin
Puthiranae
Nithamudan nithamudan
Sathiyanae
Muthu nigar muthu nigar
Otrai magan naan
Balaganae balaganae
Balaganae balagane
Andangalin andangalin
Suttrugalai
Kandangalai kandangalai
Vendreduthu
Konda oru konda oru
Komagan naan
Ennigaraai ennigaraai
Vinnulagil
Mannulagil mannulagil
Chanthiranai
Manthiranai manthiranai
Vanthavano yaar
Kathum kadal kathum kadal
Ettum thoda
Sooriyanai sooriyanai
Thottu ida
Vada madurai
Valam varuven naan
Hoo hoo oo oo hooo
Ennam illayaa
Oh thinnam illayaa
Naan chinna pillayaa
Nee koochalittu aatchi seiya
Koochamillaya
Thollai seivadhaa..aa
Pillai vaaivadhaa..aa
Palli kolvadhaa
Nee kattumullil vetti pola
Matti kolvadhaa
Ye iyaarae iyaarae
Aaduvomae kuyaarae hoo
Ye thaiyaa thaiyaa
Thaiyaarae hoo
Ratchasa maamanae
Rathiriyin sooriyanae
Kovaipalam polae
Nee kobam kolladhae
Un aaram budhi
Thera budhithaan
Hooo hoo
Ratchasa maamanae
Rathiriyin sooriyanae
Kovaipalam polae
Nee kobam kolladhae
Un aaram budhi
Thera budhithaan
……………………….
Female :
Maama maama
Ratchasa maamanae
Male :
……………………
Maama maama maama
Naana neeya naana neeya naana neeya….
Your email address will not be published. Required fields are marked
*
Singers
:
Shreya Ghoshal, Palakkad Sriram and Mahesh Vinayakram
Music by :
A. R. Rahman
Muthathula sithathula
Thiththida vandhen
Un nethikkulla
Budhi vaikka vandhen
Muthathula sithathula
Thiththida vandhen
Un nethikkulla
Budhi vaikka vandhen
Ratchasa maamanae
Rathiriyin sooriyanae
Kovaipalam polae
Nee kobam kolladhae
Un aaram budhi
Thera budhithaan
Hooo hoo
Ratchasa maamanae
Rathiriyin sooriyanae
Kovaipalam polae
Nee kobam kolladhae
Un aaram budhi
Thera budhithaan
Oh veeran veeran veeran veeran
Enga maman veeran
Aalamaram vera pola
Azham aana dheeran
Aattam kaana vaikka poraan
Aattukutti theeran
Naatu thalaivan motcham kolgiraan
Hoo oo hoo
Meesavacha miruga miruganae
Muthathula sithathula
Thiththida vandhen
Un nethikkulla
Budhi vaikka vandhen
Thomsa vidham thomsa vidham
Imsai mozhi
Amsamena amsamena
Vamsavazhi
Vantharasan vantharasan
Kamsamugan naan
Nakkeranin nakkeranin
Puthiranae
Nithamudan nithamudan
Sathiyanae
Muthu nigar muthu nigar
Otrai magan naan
Balaganae balaganae
Balaganae balagane
Andangalin andangalin
Suttrugalai
Kandangalai kandangalai
Vendreduthu
Konda oru konda oru
Komagan naan
Ennigaraai ennigaraai
Vinnulagil
Mannulagil mannulagil
Chanthiranai
Manthiranai manthiranai
Vanthavano yaar
Kathum kadal kathum kadal
Ettum thoda
Sooriyanai sooriyanai
Thottu ida
Vada madurai
Valam varuven naan
Hoo hoo oo oo hooo
Ennam illayaa
Oh thinnam illayaa
Naan chinna pillayaa
Nee koochalittu aatchi seiya
Koochamillaya
Thollai seivadhaa..aa
Pillai vaaivadhaa..aa
Palli kolvadhaa
Nee kattumullil vetti pola
Matti kolvadhaa
Ye iyaarae iyaarae
Aaduvomae kuyaarae hoo
Ye thaiyaa thaiyaa
Thaiyaarae hoo
Ratchasa maamanae
Rathiriyin sooriyanae
Kovaipalam polae
Nee kobam kolladhae
Un aaram budhi
Thera budhithaan
Hooo hoo
Ratchasa maamanae
Rathiriyin sooriyanae
Kovaipalam polae
Nee kobam kolladhae
Un aaram budhi
Thera budhithaan
……………………….
Female :
Maama maama
Ratchasa maamanae
Male :
……………………
Maama maama maama
Naana neeya naana neeya naana neeya….
The home of Tamil Paadal Varigal. 20,000+ lyrics in Tamil & English script.",https://www.tamil2lyrics.com/lyrics/ratchasa-maamaney-song-lyrics/
63,Sol,,,,,,,,"Press Enter to search · Esc to close
Singer
:
Rakshita Suresh
Music by :
A. R. Rahman
Lyrics by :
Krithika Nelson
Sol Song Lyrics
Third Single from “
Ponniyin Selvan
” a multi-starrer tamil film. This song is sung by “
Rakshita Suresh
” and music composed by Isai Puyal “
A.R. Rahman
“. Lyrics woks are penned by lyricist “Krithika Nelson”.
Hmm mm mmhmm mm mm ….
Female :
Kaadhodu Sol
Kaadhodu sol
Yarendru sol
Yarendru sol
Perzhagana sol
Kodarmogana sol
Maaveerana sol
Vaaijaalana sol
Oodathae solladi
Oor varthai sol
Kavalana sol
En yevalana sol
Porali ah sol
Illae ododi ah sol
Keechu kurala sol
Kavi-arasa sol
Ippodhae sol
Adi ingaeye sol
Mayaiya sol
Maayana sol
Hmm mm mmhmm mm mm ….
Kaadhodu Sol
Kaadhodu sol
Yarendru sol
Yarendru sol
Hmm mm mmhmm mm mm ….
Aaah…aaaha…
Aah…aaaha…
Kaadhodu Sol
Kaadhodu sol
Yarendru sol
Yarendru sol
Perzhagana sol
Kodarmogana sol
Engae avan sol
Yedhenum sol
Maaveerana sol
Vaaijaalana sol
Kavalana sol
En evalana sol
Keechu kurala sol
Kavi-arasa sol
Ippodhae sol
Adi ingaeye sol
Mayaiya sol
Maayana sol
Hmm mm mmhmm mm mm ….
Your email address will not be published. Required fields are marked
*
Singer
:
Rakshita Suresh
Music by :
A. R. Rahman
Lyrics by :
Krithika Nelson
Sol Song Lyrics
Third Single from “
Ponniyin Selvan
” a multi-starrer tamil film. This song is sung by “
Rakshita Suresh
” and music composed by Isai Puyal “
A.R. Rahman
“. Lyrics woks are penned by lyricist “Krithika Nelson”.
Hmm mm mmhmm mm mm ….
Female :
Kaadhodu Sol
Kaadhodu sol
Yarendru sol
Yarendru sol
Perzhagana sol
Kodarmogana sol
Maaveerana sol
Vaaijaalana sol
Oodathae solladi
Oor varthai sol
Kavalana sol
En yevalana sol
Porali ah sol
Illae ododi ah sol
Keechu kurala sol
Kavi-arasa sol
Ippodhae sol
Adi ingaeye sol
Mayaiya sol
Maayana sol
Hmm mm mmhmm mm mm ….
Kaadhodu Sol
Kaadhodu sol
Yarendru sol
Yarendru sol
Hmm mm mmhmm mm mm ….
Aaah…aaaha…
Aah…aaaha…
Kaadhodu Sol
Kaadhodu sol
Yarendru sol
Yarendru sol
Perzhagana sol
Kodarmogana sol
Engae avan sol
Yedhenum sol
Maaveerana sol
Vaaijaalana sol
Kavalana sol
En evalana sol
Keechu kurala sol
Kavi-arasa sol
Ippodhae sol
Adi ingaeye sol
Mayaiya sol
Maayana sol
Hmm mm mmhmm mm mm ….
The home of Tamil Paadal Varigal. 20,000+ lyrics in Tamil & English script.",https://www.tamil2lyrics.com/lyrics/sol-song-lyrics/
64,Chola Chola,,,,,,,,"Press Enter to search · Esc to close
Singers :
Sathya Prakash, VM Mahalingam and Nakul Abhyankar
Music by :
A. R. Rahman
Lyrics by
:
Ilango Krishnan
Kodi kodi kodi parakka
Thada thadathu
Pari pari pari thudikka
Kadum manathil
Veri veri veri pirakka
Adukalathil
Pori pori pori parakka
Ethirigalai
Vaalodu velodu ..hoi
Poradu poradu ..hoi
Pada pada pulikodi
Vanam yerattum
Puvinilam puvinilam
Sozham agattum
Vari vari puli
Anjadha da thunjadha da
Chola chola
Mara mara puli
Veezhadhada thazhaatha da
Seela seela
Veeram maanam
Puli magan iru kannallo
Yerey vaada..
Pagai mugam sugum neeram veera
Kodi kodi kodi parakka
Thada thadathu
Pari pari pari thudikka
Kadum manathil
Veri veri veri pirakka
Adukalathil
Pori pori pori parakka
Ethirigalai
Vaalodu velodu ..hoi
Poradu poradu ..hoi
Pada pada pulikodi
Vanam yerattum
Puvinilam puvinilam
Sozham agattum
Aga muga naga
Kalladida thalladida
Vaada thozha
Iga para sugam
Elamidha innadhidha
Aasai theetha
Mannana mann mel pithanen
Vinnalum kodi mel pithanen
Kannana kudi mel pithanen
Pennana pennalae pithanen
Mannana mann mel pithanen
Vinnalum kodi mel pithanen
Kannana kudi mel pithanen
Pennana pennalae pithanen
Arakkii…
Enadhu theyamum kayamum neeyadi
Udal udal udal muzhukka
Serukalathu vadu vadu vaduvirukka
Oruthi thandha vadumattum uyir thudikka Varuthamenna..
Kodu somarasam
Kudada marada
Ivan
Payanam ini oyaadhae
Edu
Vaalai edu
Nada da nada da
Veri
Piditha puli oyaadhu
Aga muga naga
Kalladida thalladida
Vaada thozha
Iga para sugam
Elamidha innadhidha
Aasai theetha
Sindhithom perundhesa kanavinai..
Sandhithotham kadum porin kedu vinai
Nindhithom kodum kootrappagai azhithom
Oo oo oo…
Mannithom adi vizhuntha pagaivarai
Dhandithom ethir nindra kayavaarai
Kandithom adangarai sirai eduthom
Oo oo oo…
Karpithom uyir sozham ena
Oppithom adhai vedhamenna
Meganthottu vaanam ettu
Vengai puli imayam nattu
Kodi kodi kodi parakka
Thada thadathu
Pari pari pari thudikka
Kadum manathil
Veri veri veri pirakka
Adukalathil
Pori pori pori parakka
Ethirigalai
Kodu somarasam
Kudada marada
Ivan
Payanam ini oyaadhae
Edu
Vaalai edu
Nada da nada da
Veri
Piditha puli oyaadhu …
Your email address will not be published. Required fields are marked
*
Singers :
Sathya Prakash, VM Mahalingam and Nakul Abhyankar
Music by :
A. R. Rahman
Lyrics by
:
Ilango Krishnan
Kodi kodi kodi parakka
Thada thadathu
Pari pari pari thudikka
Kadum manathil
Veri veri veri pirakka
Adukalathil
Pori pori pori parakka
Ethirigalai
Vaalodu velodu ..hoi
Poradu poradu ..hoi
Pada pada pulikodi
Vanam yerattum
Puvinilam puvinilam
Sozham agattum
Vari vari puli
Anjadha da thunjadha da
Chola chola
Mara mara puli
Veezhadhada thazhaatha da
Seela seela
Veeram maanam
Puli magan iru kannallo
Yerey vaada..
Pagai mugam sugum neeram veera
Kodi kodi kodi parakka
Thada thadathu
Pari pari pari thudikka
Kadum manathil
Veri veri veri pirakka
Adukalathil
Pori pori pori parakka
Ethirigalai
Vaalodu velodu ..hoi
Poradu poradu ..hoi
Pada pada pulikodi
Vanam yerattum
Puvinilam puvinilam
Sozham agattum
Aga muga naga
Kalladida thalladida
Vaada thozha
Iga para sugam
Elamidha innadhidha
Aasai theetha
Mannana mann mel pithanen
Vinnalum kodi mel pithanen
Kannana kudi mel pithanen
Pennana pennalae pithanen
Mannana mann mel pithanen
Vinnalum kodi mel pithanen
Kannana kudi mel pithanen
Pennana pennalae pithanen
Arakkii…
Enadhu theyamum kayamum neeyadi
Udal udal udal muzhukka
Serukalathu vadu vadu vaduvirukka
Oruthi thandha vadumattum uyir thudikka Varuthamenna..
Kodu somarasam
Kudada marada
Ivan
Payanam ini oyaadhae
Edu
Vaalai edu
Nada da nada da
Veri
Piditha puli oyaadhu
Aga muga naga
Kalladida thalladida
Vaada thozha
Iga para sugam
Elamidha innadhidha
Aasai theetha
Sindhithom perundhesa kanavinai..
Sandhithotham kadum porin kedu vinai
Nindhithom kodum kootrappagai azhithom
Oo oo oo…
Mannithom adi vizhuntha pagaivarai
Dhandithom ethir nindra kayavaarai
Kandithom adangarai sirai eduthom
Oo oo oo…
Karpithom uyir sozham ena
Oppithom adhai vedhamenna
Meganthottu vaanam ettu
Vengai puli imayam nattu
Kodi kodi kodi parakka
Thada thadathu
Pari pari pari thudikka
Kadum manathil
Veri veri veri pirakka
Adukalathil
Pori pori pori parakka
Ethirigalai
Kodu somarasam
Kudada marada
Ivan
Payanam ini oyaadhae
Edu
Vaalai edu
Nada da nada da
Veri
Piditha puli oyaadhu …
The home of Tamil Paadal Varigal. 20,000+ lyrics in Tamil & English script.",https://www.tamil2lyrics.com/lyrics/chola-chola-song-lyrics/
65,Devaralan Aattam,,,,,,,,"Press Enter to search · Esc to close
Music by :
A. R. Rahman
Lyrics by :
Ilango Krishnan
Female Chorus :
Dam dam dam dam dam damare
Dam dam dam dam dam damare
Dam dam dam dam dam damare
Dam dam dam dam dam damare
Male Chorus :
Chek chek chek chek
Chek chek chek chek
Chek chek chek chek
Chek chek chek chek
Chek chek chek chek
Chek chek chek chek
Male Chorus :
Chek chek chek chekapana
Chek chek chek chekapana
Chek chek chek chek chek
Chek chek chek chek chek
Chek chek chek chekapana
Chek chek chek chekapana
Male Chorus :
Patt patt pada patt
Patt patt pada patt
Patt patt pada patt
Male Chorus :
Patt patt patt patt patt patt patt
Patt patt patt patt patt patt patt
Patt patt patt padavena
Patt patt patt padavena
Patt patt patt padavena
Patt patt patt padavena
Patt patt patt padavena
Patt patt patt padavena
Male Chorus :
Oon patra ketta udalai
Vaal petru kettalikkave
Oon patra ketta udalai
Vaal petru kettalikkave
Oon patra ketta udalai
Vaal petru kettalikkave
Female Chorus :
Dam dam dam dam dam damare
Dam dam dam dam dam damare
Dam dam dam dam dam damare
Dam dam dam dam dam damare
Male Chorus :
Sudanathu sudanathu
Sudanathu yutham
Sudanathu sudanathu
Sudanathu ratham
Male Chorus :
Poraduthu poraduthu
Poraduthu sitham
Theerathathu theerathathu
Theerathathu verisaththam
Male Chorus :
Sudanathu sudanathu
Sudanathu yutham
Sudanathu sudanathu
Sudanathu ratham
Male Chorus :
Poraduthu poraduthu
Poraduthu sitham
Theerathathu theerathathu
Theerathathu verisaththam
Male Chorus :
Kothuparai kothuparai
Kothuparai kottu
Rathacheru rathacheru
Rathacheru vettu
Male Chorus :
Kotta pagai kotta pagai
Kotta pagai vettu
Thuttaseyal thuttaseyal
Thuttaseyal kattu
Male Chorus :
Cheruvettalai pesidudhae
Manuketunai odhidudhae
Oru thatchani theeyudane
Adhai aatridava peyane
Female Chorus :
Dam dam dam dam dam damare
Dam dam dam dam dam damare
Dam dam dam dam dam damare
Dam dam dam dam dam damare
Male Chorus :
Cheruvettalai pesidudhae
Manuketunai odhidudhae
Oru thatchani theeyudane
Adhai aatridava peyane
Senkurudhi seiyonae
Vankodiya velonae
Chevalari tholanae
En kudiya kapponae
Kadampa idumpa muruga
Kathirvel kumara marutha
Thudivel arasarkarasae
Vadivel arulvaai malarvaai
Mamazhai peidhiduma
Manilam ongiduma
Oppukazhi thangiduma
Kaigalum ongiduma
Male Chorus :
Varunda kodada eduda
Varuvai tharuvaai udane
Sega sega segavena
Chennira kurudhiyai kottu
Male Chorus :
Varunda kodada eduda
Varuvai tharuvaai udane
Sega sega segavena
Chennira kurudhiyai kottu
Mamazhai peidhiduma
Manilam ongiduma
Oppukazhi thangiduma
Kaigalum ongiduma
Male Chorus :
{Kotupparai kotelundhida
Chuttuppagai ketalindhida
Kochakudi pattathoruvanin
Rathathinai kotti baliyidu
Chutta bali kettaal sankari
Rathathinai kotti baliyidu
Male Chorus :
Vendan kudi ketaal boodhavi
Rathathinai kotti baliyidu
Ilaiyon thalai ketaal bairavi
Rathathinai kotti baliyidu} (4)
Male Chorus :
Balikodu balikodu
Balikodu balikodu
Balikodu balikodu…….
Your email address will not be published. Required fields are marked
*
Music by :
A. R. Rahman
Lyrics by :
Ilango Krishnan
Female Chorus :
Dam dam dam dam dam damare
Dam dam dam dam dam damare
Dam dam dam dam dam damare
Dam dam dam dam dam damare
Male Chorus :
Chek chek chek chek
Chek chek chek chek
Chek chek chek chek
Chek chek chek chek
Chek chek chek chek
Chek chek chek chek
Male Chorus :
Chek chek chek chekapana
Chek chek chek chekapana
Chek chek chek chek chek
Chek chek chek chek chek
Chek chek chek chekapana
Chek chek chek chekapana
Male Chorus :
Patt patt pada patt
Patt patt pada patt
Patt patt pada patt
Male Chorus :
Patt patt patt patt patt patt patt
Patt patt patt patt patt patt patt
Patt patt patt padavena
Patt patt patt padavena
Patt patt patt padavena
Patt patt patt padavena
Patt patt patt padavena
Patt patt patt padavena
Male Chorus :
Oon patra ketta udalai
Vaal petru kettalikkave
Oon patra ketta udalai
Vaal petru kettalikkave
Oon patra ketta udalai
Vaal petru kettalikkave
Female Chorus :
Dam dam dam dam dam damare
Dam dam dam dam dam damare
Dam dam dam dam dam damare
Dam dam dam dam dam damare
Male Chorus :
Sudanathu sudanathu
Sudanathu yutham
Sudanathu sudanathu
Sudanathu ratham
Male Chorus :
Poraduthu poraduthu
Poraduthu sitham
Theerathathu theerathathu
Theerathathu verisaththam
Male Chorus :
Sudanathu sudanathu
Sudanathu yutham
Sudanathu sudanathu
Sudanathu ratham
Male Chorus :
Poraduthu poraduthu
Poraduthu sitham
Theerathathu theerathathu
Theerathathu verisaththam
Male Chorus :
Kothuparai kothuparai
Kothuparai kottu
Rathacheru rathacheru
Rathacheru vettu
Male Chorus :
Kotta pagai kotta pagai
Kotta pagai vettu
Thuttaseyal thuttaseyal
Thuttaseyal kattu
Male Chorus :
Cheruvettalai pesidudhae
Manuketunai odhidudhae
Oru thatchani theeyudane
Adhai aatridava peyane
Female Chorus :
Dam dam dam dam dam damare
Dam dam dam dam dam damare
Dam dam dam dam dam damare
Dam dam dam dam dam damare
Male Chorus :
Cheruvettalai pesidudhae
Manuketunai odhidudhae
Oru thatchani theeyudane
Adhai aatridava peyane
Senkurudhi seiyonae
Vankodiya velonae
Chevalari tholanae
En kudiya kapponae
Kadampa idumpa muruga
Kathirvel kumara marutha
Thudivel arasarkarasae
Vadivel arulvaai malarvaai
Mamazhai peidhiduma
Manilam ongiduma
Oppukazhi thangiduma
Kaigalum ongiduma
Male Chorus :
Varunda kodada eduda
Varuvai tharuvaai udane
Sega sega segavena
Chennira kurudhiyai kottu
Male Chorus :
Varunda kodada eduda
Varuvai tharuvaai udane
Sega sega segavena
Chennira kurudhiyai kottu
Mamazhai peidhiduma
Manilam ongiduma
Oppukazhi thangiduma
Kaigalum ongiduma
Male Chorus :
{Kotupparai kotelundhida
Chuttuppagai ketalindhida
Kochakudi pattathoruvanin
Rathathinai kotti baliyidu
Chutta bali kettaal sankari
Rathathinai kotti baliyidu
Male Chorus :
Vendan kudi ketaal boodhavi
Rathathinai kotti baliyidu
Ilaiyon thalai ketaal bairavi
Rathathinai kotti baliyidu} (4)
Male Chorus :
Balikodu balikodu
Balikodu balikodu
Balikodu balikodu…….
The home of Tamil Paadal Varigal. 20,000+ lyrics in Tamil & English script.",https://www.tamil2lyrics.com/lyrics/devaralan-aattam-song-lyrics/
66,Alaikadal,,,,,,,,"Press Enter to search · Esc to close
Singer
:
Antara Nandy
Music by :
A. R. Rahman
Lyrics by :
Siva Ananth
Haa..aaa..aaa..aaa…aaa..
Alaikadal aazham nilavu ariyaadhoo
Yeloo yel yeloo
Adi mana dhaagam vizhil theriyaadhoo
Yeloo yel yeloo
Paadha maarum megam
Engo tholaindhaval thaano
Vaanum neerum serum
Endro orr naal thaano…
Aazhiyilae thadam edhuvum illa
Yeloo yel yeloo
Vaan veliyin meen oliyil sella
Yeloo yel yeloo
Alaikadal aazham nilavu ariyaadhoo
Yeloo yel yeloo
Inbam thunbam rendum idam porul maarum
Iravugal pagal aagum
Mugil mazhai aagum
Muruvalum neer aagum
Vaan engum saayaadha senjuriyan
Varadhoo oru malai nam boomiyil
Naan oru murai vaazhndhida
Maru karai yerida
Pala pala piravigal kolveno
Sollidu
Alaikadal aazham nilavu ariyaadhoo
Yeloo yel yeloo
Pesadha mozhi ondril kaaviyama
Thaanaga uruvaana oviyama
Thaai indri karuvaana oor uyira
Aadharam ilaadha kaaadhala
Kana idai velyil karam pidipaaiyo
Karai thodum varaiyil manam mudipaaya
Orr paarvaai oor vaaku thaarayoo
Alaikadal aazham nilavu ariyaadhoo
Yeloo yel yeloo
Adi mana dhaagam vizhil theriyaadhoo
Yeloo yel yeloo
Paadha maarum megam
Engo tholaindhaval thaano
Vaanum neerum serum
Endro or naal thaano…
Aazhiyilae thadam edhuvum illa
Yeloo yel yeloo
Vaan veliyin meen oliyil sella
Yeloo yel yeloo
Alaikadal aazham nilavu ariyaadhoo
Yeloo yel yeloo
Your email address will not be published. Required fields are marked
*
Singer
:
Antara Nandy
Music by :
A. R. Rahman
Lyrics by :
Siva Ananth
Haa..aaa..aaa..aaa…aaa..
Alaikadal aazham nilavu ariyaadhoo
Yeloo yel yeloo
Adi mana dhaagam vizhil theriyaadhoo
Yeloo yel yeloo
Paadha maarum megam
Engo tholaindhaval thaano
Vaanum neerum serum
Endro orr naal thaano…
Aazhiyilae thadam edhuvum illa
Yeloo yel yeloo
Vaan veliyin meen oliyil sella
Yeloo yel yeloo
Alaikadal aazham nilavu ariyaadhoo
Yeloo yel yeloo
Inbam thunbam rendum idam porul maarum
Iravugal pagal aagum
Mugil mazhai aagum
Muruvalum neer aagum
Vaan engum saayaadha senjuriyan
Varadhoo oru malai nam boomiyil
Naan oru murai vaazhndhida
Maru karai yerida
Pala pala piravigal kolveno
Sollidu
Alaikadal aazham nilavu ariyaadhoo
Yeloo yel yeloo
Pesadha mozhi ondril kaaviyama
Thaanaga uruvaana oviyama
Thaai indri karuvaana oor uyira
Aadharam ilaadha kaaadhala
Kana idai velyil karam pidipaaiyo
Karai thodum varaiyil manam mudipaaya
Orr paarvaai oor vaaku thaarayoo
Alaikadal aazham nilavu ariyaadhoo
Yeloo yel yeloo
Adi mana dhaagam vizhil theriyaadhoo
Yeloo yel yeloo
Paadha maarum megam
Engo tholaindhaval thaano
Vaanum neerum serum
Endro or naal thaano…
Aazhiyilae thadam edhuvum illa
Yeloo yel yeloo
Vaan veliyin meen oliyil sella
Yeloo yel yeloo
Alaikadal aazham nilavu ariyaadhoo
Yeloo yel yeloo
The home of Tamil Paadal Varigal. 20,000+ lyrics in Tamil & English script.",https://www.tamil2lyrics.com/lyrics/alaikadal-song-lyrics/
